{
  "version": "2020.1",
  "applications": [],
  "platforms": [
    {
      "name": "AYU06_HW"
    }
  ],
  "systems": [
    {
      "name": "AYU06_SW_system",
      "platform": "C:/Users/crist/Desktop/SEP/AYUDANTIA_6/AYU06/AYU06_HW/export/AYU06_HW/AYU06_HW.xpfm",
      "sysConfig": "AYU06_HW",
      "applications": [
        {
          "name": "AYU06_SW",
          "platform": "C:/Users/crist/Desktop/SEP/AYUDANTIA_6/AYU06/AYU06_HW/export/AYU06_HW/AYU06_HW.xpfm",
          "platformPath": "C:\\Users\\crist\\Desktop\\SEP\\AYUDANTIA_6\\AYU06\\AYU06_HW\\export\\AYU06_HW",
          "sysConfig": "AYU06_HW",
          "domain": "standalone_domain",
          "system": "AYU06_SW_system"
        }
      ],
      "platformPath": "C:\\Users\\crist\\Desktop\\SEP\\AYUDANTIA_6\\AYU06\\AYU06_HW\\export\\AYU06_HW"
    }
  ],
  "others": []
}